{
    "mse": 175865917545851.16,
    "rmse": 13261444.775960542,
    "mae": 5579506.985813096,
    "r2_score": 0.8209358284663072,
    "mape": 27.71242847052115,
    "n_samples": 118397,
    "n_train": 94717,
    "n_test": 23680
}